Time,Gesture,Message
2026-03-11 09:25:49,5,Come here!
2026-03-11 09:25:50,1,I need food!
2026-03-11 09:25:51,1,I need food!
2026-03-11 09:25:55,5,Come here!
2026-03-11 09:25:57,4,Help needed!
2026-03-11 09:25:57,2,I need to go to the toilet!
2026-03-11 09:25:57,1,I need food!
2026-03-11 09:25:58,4,Help needed!
2026-03-11 09:25:59,2,I need to go to the toilet!
2026-03-11 09:26:00,1,I need food!
2026-03-11 09:26:01,5,Come here!
2026-03-11 09:26:01,1,I need food!
2026-03-11 09:26:02,5,Come here!
2026-03-11 09:26:03,4,Help needed!
2026-03-11 09:26:04,1,I need food!
2026-03-11 09:26:05,5,Come here!
2026-03-11 09:26:06,1,I need food!
2026-03-11 09:26:10,4,Help needed!
2026-03-11 09:26:13,4,Help needed!
2026-03-11 09:26:18,5,Come here!
2026-03-11 09:26:21,4,Help needed!
2026-03-11 09:26:30,5,Come here!
2026-03-11 09:26:49,5,Come here!
2026-03-11 09:26:50,4,Help needed!
2026-03-11 09:26:51,1,I need food!
2026-03-11 09:27:04,4,Help needed!
2026-03-11 09:27:05,1,I need food!
2026-03-11 09:27:06,5,Come here!
2026-03-11 09:27:06,2,I need to go to the toilet!
2026-03-11 09:27:08,1,I need food!
2026-03-11 09:27:38,4,Help needed!
2026-03-11 09:27:42,4,Help needed!
2026-03-11 09:27:45,2,I need to go to the toilet!
2026-03-11 09:27:46,1,I need food!
2026-03-11 09:27:53,2,I need to go to the toilet!
2026-03-11 09:27:55,1,I need food!
2026-03-11 09:27:56,4,Help needed!
2026-03-11 09:28:00,1,I need food!
2026-03-11 09:28:38,3,I need water!
2026-03-11 09:28:42,5,Come here!
2026-03-11 09:28:59,4,Help needed!
2026-03-11 09:29:01,1,I need food!
2026-03-11 09:29:36,4,Help needed!
2026-03-11 09:29:39,1,I need food!
2026-03-11 09:29:44,4,Help needed!
2026-03-11 09:29:46,5,Come here!
2026-03-11 09:29:47,4,Help needed!
2026-03-11 09:29:48,1,I need food!
2026-03-11 09:29:56,4,Help needed!
2026-03-11 09:29:57,1,I need food!
2026-03-11 09:29:57,4,Help needed!
2026-03-11 09:29:58,1,I need food!
2026-03-11 09:30:00,5,Come here!
2026-03-11 09:30:05,4,Help needed!
2026-03-11 09:30:06,2,I need to go to the toilet!
2026-03-11 09:30:11,3,I need water!
2026-03-11 09:30:12,5,Come here!
2026-03-11 09:30:14,1,I need food!
2026-03-11 09:30:42,5,Come here!
2026-03-11 09:30:47,1,I need food!
2026-03-11 09:30:58,3,I need water!
2026-03-11 09:31:23,5,Come here!
2026-03-11 09:31:24,4,Help needed!
2026-03-11 19:51:30,5,இங்கே வா!
2026-03-11 19:51:39,4,உதவி தேவை!
2026-03-11 19:51:50,3,ਮੈਨੂੰ ਪਾਣੀ ਚਾਹੀਦਾ ਹੈ!
2026-03-11 19:52:16,2,I need to go to the toilet!
2026-03-11 19:52:55,2,Je dois aller aux toilettes !
2026-03-11 19:53:25,1,J'ai besoin de nourriture !
2026-03-11 20:02:36,1,I need food!
2026-03-11 20:03:02,4,Help needed!
2026-03-11 20:03:03,5,Come here!
2026-03-11 20:04:42,4,Help needed!
2026-03-11 20:04:42,5,Come here!
2026-03-11 20:04:43,1,I need food!
2026-03-11 20:04:50,4,Help needed!
2026-03-12 12:47:38,5,Come here!
2026-03-12 12:47:39,1,I need food!
2026-03-12 12:47:52,2,എനിക്ക് ടോയ്‌ലറ്റിൽ പോകണം!
2026-03-12 12:47:59,3,എനിക്ക് വെള്ളം വേണം!
2026-03-12 12:48:05,4,സഹായം ആവശ്യമാണ്!
2026-03-12 12:48:09,1,എനിക്ക് ഭക്ഷണം വേണം!
2026-03-12 12:48:31,4,സഹായം ആവശ്യമാണ്!
2026-03-12 12:48:45,5,இங்கே வா!
2026-03-12 12:49:10,4,உதவி தேவை!
2026-03-12 12:49:43,1,எனக்கு உணவு வேண்டும்!
2026-03-12 12:50:50,5,இங்கே வா!
2026-03-12 12:50:55,1,எனக்கு உணவு வேண்டும்!
2026-03-12 12:51:13,4,உதவி தேவை!
2026-03-12 12:51:18,2,நான் கழிப்பறைக்கு செல்ல வேண்டும்!
2026-03-12 12:52:57,Emotion,Urgent emotion: Sad
2026-03-12 12:52:58,Emotion,Urgent emotion: Fear
2026-03-12 14:41:12,5,Come here!
2026-03-12 14:41:51,4,Help needed!
2026-03-12 14:42:07,5,Come here!
2026-03-12 14:42:22,4,Help needed!
2026-03-12 14:42:31,1,I need food!
2026-03-12 14:42:36,5,Come here!
2026-03-12 14:42:38,1,I need food!
2026-03-12 14:43:01,5,Come here!
2026-03-12 14:43:26,2,நான் கழிப்பறைக்கு செல்ல வேண்டும்!
2026-03-12 15:57:41,4,உதவி தேவை!
2026-03-12 15:57:55,1,எனக்கு உணவு வேண்டும்!
2026-03-12 15:58:05,5,இங்கே வா!
2026-03-12 15:58:21,4,உதவி தேவை!
2026-03-12 15:58:45,2,मुझे शौचालय जाना है!
2026-03-12 16:05:48,5,यहाँ आओ!
2026-03-12 16:06:32,3,मुझे पानी की जरूरत है!
2026-03-12 16:24:31,5,यहाँ आओ!
2026-03-12 16:25:07,4,உதவி தேவை!
2026-03-12 16:26:30,1,எனக்கு உணவு வேண்டும்!
2026-03-26 10:27:00,4 Fingers,Help needed!
2026-03-26 10:27:28,5 Fingers,Come here!
2026-03-26 10:27:59,3 Fingers,I need water!
2026-03-26 10:28:11,1 Fingers,I need food!
2026-03-27 13:36:36,5 Fingers,Come here!
2026-03-27 13:36:38,Emotion,Urgent emotion: Sad
2026-03-27 13:36:49,Emotion,Urgent emotion: Fear
2026-03-27 13:37:25,Emotion,Urgent emotion: Angry
2026-03-27 13:37:59,4 Fingers,Help needed!
2026-03-27 13:39:08,4 Fingers,Help needed!
2026-03-27 13:39:31,4 Fingers,Help needed!
2026-03-27 13:39:33,3 Fingers,I need water!
2026-03-27 13:39:34,5 Fingers,Come here!
2026-03-27 13:39:37,4 Fingers,Help needed!
2026-03-27 13:39:42,5 Fingers,Come here!
2026-03-27 13:39:50,4 Fingers,Help needed!
2026-03-28 13:53:42,4 Fingers,Help needed!
2026-03-28 13:54:08,4 Fingers,உதவி தேவை!
2026-03-28 13:54:10,5 Fingers,இங்கே வா!
2026-04-16 11:46:00,4 Fingers,Help needed!
2026-04-16 11:46:02,5 Fingers,Come here!
2026-04-16 11:46:04,1 Fingers,I need food!
2026-04-16 11:46:05,2 Fingers,I need to go to the toilet!
2026-04-16 11:46:06,5 Fingers,Come here!
2026-04-16 15:02:35,4 Fingers,Help needed!
2026-04-16 15:02:37,2 Fingers,I need to go to the toilet!
2026-04-16 15:22:13,4 Fingers,Help needed!
2026-04-16 15:23:01,5 Fingers,இங்கே வா!
2026-09-18 01:54:58,4 Fingers,मदद की जरूरत है!
2026-09-18 01:55:04,3 Fingers,मुझे पानी की जरूरत है!
2026-09-18 01:55:08,1 Fingers,मुझे भोजन की जरूरत है!
2026-09-18 01:55:12,4 Fingers,मदद की जरूरत है!
2026-09-18 01:55:12,3 Fingers,मुझे पानी की जरूरत है!
2026-09-18 01:55:19,4 Fingers,मदद की जरूरत है!
2026-09-18 01:55:20,5 Fingers,यहाँ आओ!
2026-09-18 01:55:39,1 Fingers,Eu preciso de comida!
2026-09-18 01:55:43,3 Fingers,Eu preciso de água!
2026-09-18 01:56:02,4 Fingers,도움이 필요합니다!
2026-09-18 15:09:58,3 Fingers,I need water!
2026-09-18 15:10:02,4 Fingers,Help needed!
2026-09-18 15:12:47,Emotion Alert,Urgent emotion detected: Sad
2026-09-18 15:18:37,3 Fingers,எனக்கு தண்ணீர் வேண்டும்!
2026-09-18 15:18:49,2 Fingers,I need to go to the toilet!
2026-09-18 15:19:09,4 Fingers,ಸಹಾಯ ಅಗತ್ಯವಿದೆ!
2026-09-18 15:19:15,2 Fingers,ನಾನು ಶೌಚಾಲಯಕ್ಕೆ ಹೋಗಬೇಕು!
2026-09-18 15:33:02,3 Fingers,मुझे पानी की जरूरत है!
